PassengerId,Survived,Pclass,Name,Sex,Age,SibSp,Parch,Ticket,Fare,Cabin,Embarked
1,0,3,23,0,22.0,1,0,521171,7.25,0.0,83
2,1,1,51,1,38.0,1,0,17599,71.2833,176.0,67
3,1,3,22,1,26.0,0,0,23101282,7.925,0.0,83
4,1,1,44,1,35.0,1,0,113803,53.1,217.0,83
5,0,3,24,0,35.0,0,0,373450,8.05,0.0,83
6,0,3,16,0,-1.0,0,0,330877,8.4583,0.0,81
7,0,1,23,0,54.0,0,0,17463,51.8625,175.0,83
8,0,3,30,0,2.0,3,1,349909,21.075,0.0,83
9,1,3,49,1,27.0,0,2,347742,11.1333,0.0,83
10,1,2,35,1,14.0,1,0,237736,30.0708,0.0,67
11,1,3,31,1,4.0,1,1,9549,16.7,125.0,83
12,1,1,24,1,58.0,0,0,113783,26.55,215.0,83
13,0,3,30,0,20.0,0,0,52151,8.05,0.0,83
14,0,3,27,0,39.0,1,5,347082,31.275,0.0,83
15,0,3,36,1,14.0,0,0,350406,7.8542,0.0,83
16,1,2,32,1,55.0,0,0,248706,16.0,0.0,83
17,0,3,20,0,2.0,4,1,382652,29.125,0.0,81
18,1,2,28,0,-1.0,0,0,244373,13.0,0.0,83
19,0,3,55,1,31.0,1,0,345763,18.0,0.0,83
20,1,3,23,1,-1.0,0,0,2649,7.225,0.0,67
21,0,2,20,0,35.0,0,0,239865,26.0,0.0,83
22,1,2,21,0,34.0,0,0,248698,13.0,175.0,83
23,1,3,27,1,15.0,0,0,330923,8.0292,0.0,81
24,1,1,28,0,28.0,0,0,113788,35.5,119.0,83
25,0,3,29,1,8.0,3,1,349909,21.075,0.0,83
26,1,3,57,1,38.0,1,5,347077,31.3875,0.0,83
27,0,3,23,0,-1.0,0,0,2631,7.225,0.0,67
28,0,1,30,0,19.0,3,2,19950,263.0,170.0,83
29,1,3,29,1,-1.0,0,0,330959,7.8792,0.0,81
30,0,3,19,0,-1.0,0,0,349216,7.8958,0.0,83
31,0,1,24,0,40.0,0,0,17601,27.7208,0.0,67
32,1,1,46,1,-1.0,1,0,17569,146.5208,177.0,67
33,1,3,24,1,-1.0,0,0,335677,7.75,0.0,81
34,0,2,21,0,66.0,0,0,24579,10.5,0.0,83
35,0,1,23,0,28.0,1,0,17604,82.1708,0.0,67
36,0,1,30,0,42.0,1,0,113789,52.0,0.0,83
37,1,3,16,0,-1.0,0,0,2677,7.2292,0.0,67
38,0,3,24,0,21.0,0,0,52152,8.05,0.0,83
39,0,3,34,1,18.0,2,0,345764,18.0,0.0,83
40,1,3,27,1,14.0,1,0,2651,11.2417,0.0,67
41,0,3,46,1,40.0,1,0,7546,9.475,0.0,83
42,0,2,56,1,27.0,1,0,11668,21.0,0.0,83
43,0,3,19,0,-1.0,0,0,349253,7.8958,0.0,67
44,1,2,40,1,3.0,1,2,2123,41.5792,0.0,67
45,1,3,29,1,19.0,0,0,330958,7.8792,0.0,81
46,0,3,24,0,-1.0,0,0,423567,8.05,0.0,83
47,0,3,17,0,-1.0,1,0,370371,15.5,0.0,81
48,1,3,25,1,-1.0,0,0,14311,7.75,0.0,81
49,0,3,19,0,-1.0,2,0,2662,21.6792,0.0,67
50,0,3,45,1,18.0,1,0,349237,17.8,0.0,83
51,0,3,26,0,7.0,4,1,3101295,39.6875,0.0,83
52,0,3,28,0,21.0,0,0,439886,7.8,0.0,83
53,1,1,40,1,49.0,1,0,17572,76.7292,170.0,67
54,1,2,50,1,29.0,1,0,2926,26.0,0.0,83
55,0,1,30,0,65.0,0,1,113509,61.9792,165.0,67
56,1,1,17,0,-1.0,0,0,19947,35.5,170.0,83
57,1,2,17,1,21.0,0,0,31026,10.5,0.0,83
58,0,3,19,0,28.5,0,0,2697,7.2292,0.0,67
59,1,2,28,1,5.0,1,2,34651,27.75,0.0,83
60,0,3,34,0,11.0,5,2,2144,46.9,0.0,83
61,0,3,21,0,22.0,0,0,2669,7.2292,0.0,67
62,1,1,19,1,38.0,0,0,113572,80.0,172.0,0
63,0,1,27,0,45.0,1,0,36973,83.475,174.0,83
64,0,3,21,0,4.0,3,2,347088,27.9,0.0,83
65,0,1,21,0,-1.0,0,0,17605,27.7208,0.0,67
66,1,3,24,0,-1.0,1,1,2661,15.2458,0.0,67
67,1,2,28,1,29.0,0,0,29395,10.5,172.0,83
68,0,3,24,0,19.0,0,0,3464,8.1583,0.0,83
69,1,3,31,1,17.0,4,2,3101281,7.925,0.0,83
70,0,3,17,0,26.0,2,0,315151,8.6625,0.0,83
71,0,2,26,0,32.0,0,0,33111,10.5,0.0,83
72,0,3,26,1,16.0,5,2,2144,46.9,0.0,83
73,0,2,20,0,21.0,0,0,14879,73.5,0.0,83
74,0,3,27,0,26.0,1,0,2680,14.4542,0.0,67
75,1,3,13,0,32.0,0,0,1601,56.4958,0.0,83
76,0,3,23,0,25.0,0,0,348123,7.65,123.5,83
77,0,3,17,0,-1.0,0,0,349208,7.8958,0.0,83
78,0,3,24,0,-1.0,0,0,374746,8.05,0.0,83
79,1,2,29,0,0.83,0,2,248738,29.0,0.0,83
80,1,3,24,1,30.0,0,0,364516,12.475,0.0,83
81,0,3,20,0,22.0,0,0,345767,9.0,0.0,83
82,1,3,27,0,29.0,0,0,345779,9.5,0.0,83
83,1,3,30,1,-1.0,0,0,330932,7.7875,0.0,81
84,0,1,23,0,28.0,0,0,113059,47.1,0.0,83
85,1,2,19,1,17.0,0,0,14885,10.5,0.0,83
86,1,3,55,1,33.0,3,0,3101278,15.85,0.0,83
87,0,3,22,0,16.0,1,3,6608,34.375,0.0,83
88,0,3,29,0,-1.0,0,0,392086,8.05,0.0,83
89,1,1,26,1,23.0,3,2,19950,263.0,170.0,83
90,0,3,22,0,24.0,0,0,343275,8.05,0.0,83
91,0,3,20,0,29.0,0,0,343276,8.05,0.0,83
92,0,3,26,0,20.0,0,0,347466,7.8542,0.0,83
93,0,1,27,0,46.0,1,0,5734,61.175,169.0,83
94,0,3,23,0,26.0,1,2,2315,20.575,0.0,83
95,0,3,17,0,59.0,0,0,364500,7.25,0.0,83
96,0,3,27,0,-1.0,0,0,374910,8.05,0.0,83
97,0,1,25,0,71.0,0,0,17754,34.6542,118.0,67
98,1,1,31,0,23.0,0,1,17759,63.3583,166.0,67
99,1,2,36,1,34.0,0,1,231919,23.0,0.0,83
100,0,2,17,0,34.0,1,0,244367,26.0,0.0,83
101,0,3,23,1,28.0,0,0,349245,7.8958,0.0,83
102,0,3,32,0,-1.0,0,0,349215,7.8958,0.0,83
103,0,1,25,0,21.0,0,1,35281,77.2875,172.0,83
104,0,3,26,0,33.0,0,0,7540,8.6542,0.0,83
105,0,3,30,0,37.0,2,0,3101276,7.925,0.0,83
106,0,3,21,0,28.0,0,0,349207,7.8958,0.0,83
107,1,3,32,1,21.0,0,0,343120,7.65,0.0,83
108,1,3,22,0,-1.0,0,0,312991,7.775,0.0,83
109,0,3,15,0,38.0,0,0,349249,7.8958,0.0,83
110,1,3,19,1,-1.0,1,0,371110,24.15,0.0,81
111,0,1,30,0,47.0,0,0,110465,52.0,213.0,83
112,0,3,20,1,14.5,1,0,2665,14.4542,0.0,67
113,0,3,22,0,22.0,0,0,324669,8.05,0.0,83
114,0,3,23,1,20.0,1,0,4136,9.825,0.0,83
115,0,3,21,1,17.0,0,0,2627,14.4583,0.0,67
116,0,3,21,0,21.0,0,0,23101294,7.925,0.0,83
117,0,3,20,0,70.5,0,0,370369,7.75,0.0,81
118,0,2,31,0,29.0,1,0,11668,21.0,0.0,83
119,0,1,24,0,24.0,0,1,17558,247.5208,171.5,67
120,0,3,33,1,2.0,4,2,347082,31.275,0.0,83
121,0,2,27,0,21.0,2,0,14879,73.5,0.0,83
122,0,3,26,0,-1.0,0,0,454510,8.05,0.0,83
123,0,2,20,0,32.5,1,0,237736,30.0708,0.0,67
124,1,2,19,1,32.5,0,0,27267,13.0,215.0,83
125,0,1,27,0,54.0,0,1,35281,77.2875,172.0,83
126,1,3,28,0,12.0,1,0,2651,11.2417,0.0,67
127,0,3,19,0,-1.0,0,0,370372,7.75,0.0,81
128,1,3,25,0,24.0,0,0,17369,7.1417,0.0,83
129,1,3,17,1,-1.0,1,1,2668,22.3583,125.0,67
130,0,3,18,0,45.0,0,0,347061,6.975,0.0,83
131,0,3,20,0,33.0,0,0,349241,7.8958,0.0,67
132,0,3,30,0,20.0,0,0,3101307,7.05,0.0,83
133,0,3,46,1,47.0,1,0,53337,14.5,0.0,83
134,1,2,45,1,29.0,1,0,228414,26.0,0.0,83
135,0,2,30,0,25.0,0,0,29178,13.0,0.0,83
136,0,2,18,0,23.0,0,0,2133,15.0458,0.0,67
137,1,1,28,1,19.0,0,2,11752,26.2833,175.0,83
138,0,1,27,0,37.0,1,0,113803,53.1,217.0,83
139,0,3,19,0,16.0,0,0,7534,9.2167,0.0,83
140,0,1,18,0,24.0,0,0,17593,79.2,176.0,67
141,0,3,29,1,-1.0,0,2,2678,15.2458,0.0,67
142,1,3,24,1,22.0,0,0,347081,7.75,0.0,83
143,1,3,52,1,24.0,1,0,23101279,15.85,0.0,83
144,0,3,19,0,19.0,0,0,365222,6.75,0.0,81
145,0,2,26,0,18.0,0,0,231945,11.5,0.0,83
146,0,2,28,0,19.0,1,1,33112,36.75,0.0,83
147,1,3,44,0,27.0,0,0,350043,7.7958,0.0,83
148,0,3,32,1,9.0,2,2,6608,34.375,0.0,83
149,0,2,40,0,36.5,0,2,230080,26.0,120.0,83
150,0,2,33,0,42.0,0,0,244310,13.0,0.0,83
151,0,2,26,0,51.0,0,0,1166,12.525,0.0,83
152,1,1,33,1,22.0,1,0,113776,66.6,117.0,83
153,0,3,16,0,55.5,0,0,511206,8.05,0.0,83
154,0,3,31,0,40.5,0,2,5851,14.5,0.0,83
155,0,3,21,0,-1.0,0,0,265302,7.3125,0.0,83
156,0,1,27,0,51.0,0,1,17597,61.3792,0.0,67
157,1,3,32,1,16.0,0,0,35851,7.7333,0.0,81
158,0,3,15,0,30.0,0,0,392090,8.05,0.0,83
159,0,3,19,0,-1.0,0,0,315037,8.6625,0.0,83
160,0,3,26,0,-1.0,8,2,2343,69.55,0.0,83
161,0,3,24,0,44.0,0,1,371362,16.1,0.0,83
162,1,2,50,1,40.0,0,0,33595,15.75,0.0,83
163,0,3,26,0,26.0,0,0,347068,7.775,0.0,83
164,0,3,15,0,17.0,0,0,315093,8.6625,0.0,83
165,0,3,28,0,1.0,4,1,3101295,39.6875,0.0,83
166,1,3,47,0,9.0,0,2,363291,20.525,0.0,83
167,1,1,38,1,-1.0,0,1,113505,55.0,171.0,83
168,0,3,47,1,45.0,1,4,347088,27.9,0.0,83
169,0,1,19,0,-1.0,0,0,17318,25.925,0.0,83
170,0,3,13,0,28.0,0,0,1601,56.4958,0.0,83
171,0,1,25,0,61.0,0,0,111240,33.5,172.0,83
172,0,3,20,0,4.0,4,1,382652,29.125,0.0,81
173,1,3,28,1,1.0,1,1,347742,11.1333,0.0,83
174,0,3,25,0,21.0,0,0,23101280,7.925,0.0,83
175,0,1,23,0,56.0,0,0,17764,30.6958,120.0,67
176,0,3,22,0,18.0,1,1,350404,7.8542,0.0,83
177,0,3,29,0,-1.0,3,1,4133,25.4667,0.0,83
178,0,1,26,1,50.0,0,0,17595,28.7125,176.0,67
179,0,2,18,0,30.0,0,0,250653,13.0,0.0,83
180,0,3,19,0,36.0,0,0,0,0.0,0.0,83
181,0,3,28,1,-1.0,8,2,2343,69.55,0.0,83
182,0,2,16,0,-1.0,0,0,2131,15.05,0.0,67
183,0,3,37,0,9.0,4,2,347077,31.3875,0.0,83
184,1,2,25,0,1.0,2,1,230136,39.0,122.0,83
185,1,3,35,1,4.0,0,2,315153,22.025,0.0,83
186,0,1,21,0,-1.0,0,0,113767,50.0,166.0,83
187,1,3,47,1,-1.0,1,0,370365,15.5,0.0,81
188,1,1,45,0,45.0,0,0,111428,26.55,0.0,83
189,0,3,16,0,40.0,1,1,364849,15.5,0.0,81
190,0,3,19,0,36.0,0,0,349247,7.8958,0.0,83
191,1,2,19,1,32.0,0,0,234604,13.0,0.0,83
192,0,2,21,0,19.0,0,0,28424,13.0,0.0,83
193,1,3,47,1,19.0,1,0,350046,7.8542,0.0,83
194,1,2,26,0,3.0,1,1,230080,26.0,120.0,83
195,1,1,41,1,44.0,0,0,17610,27.7208,118.0,67
196,1,1,20,1,58.0,0,0,17569,146.5208,170.0,67
197,0,3,19,0,-1.0,0,0,368703,7.75,0.0,81
198,0,3,32,0,42.0,0,1,4579,8.4042,0.0,83
199,1,3,32,1,-1.0,0,0,370370,7.75,0.0,81
200,0,2,38,1,24.0,0,0,248747,13.0,0.0,83
201,0,3,30,0,28.0,0,0,345770,9.5,0.0,83
202,0,3,19,0,-1.0,8,2,2343,69.55,0.0,83
203,0,3,26,0,34.0,0,0,3101264,6.4958,0.0,83
204,0,3,20,0,45.5,0,0,2628,7.225,0.0,67
205,1,3,24,0,18.0,0,0,53540,8.05,0.0,83
206,0,3,26,1,2.0,0,1,347054,10.4625,125.0,83
207,0,3,26,0,32.0,1,0,3101278,15.85,0.0,83
208,1,3,27,0,26.0,0,0,2699,18.7875,0.0,67
209,1,3,25,1,16.0,0,0,367231,7.75,0.0,81
210,1,1,16,0,40.0,0,0,112277,31.0,165.0,67
211,0,3,14,0,24.0,0,0,3101311,7.05,0.0,83
212,1,2,26,1,35.0,0,0,13528,21.0,0.0,83
213,0,3,22,0,22.0,0,0,521174,7.25,0.0,83
214,0,2,27,0,30.0,0,0,250646,13.0,0.0,83
215,0,3,19,0,-1.0,1,0,367229,7.75,0.0,81
216,1,1,23,1,31.0,1,0,35273,113.275,173.0,67
217,1,3,22,1,27.0,0,0,23101283,7.925,0.0,83
218,0,2,28,0,42.0,1,0,243847,27.0,0.0,83
219,1,1,21,1,32.0,0,0,11813,76.2917,170.0,67
220,0,2,18,0,30.0,0,0,14208,10.5,0.0,83
221,1,3,30,0,16.0,0,0,392089,8.05,0.0,83
222,0,2,20,0,27.0,0,0,220367,13.0,0.0,83
223,0,3,23,0,51.0,0,0,21440,8.05,0.0,83
224,0,3,20,0,-1.0,0,0,349234,7.8958,0.0,83
225,1,1,28,0,38.0,1,0,19943,90.0,175.0,83
226,0,3,28,0,22.0,0,0,4348,9.35,0.0,83
227,1,2,25,0,19.0,0,0,751,10.5,0.0,83
228,0,3,31,0,20.5,0,0,521173,7.25,0.0,83
229,0,2,25,0,18.0,0,0,236171,13.0,0.0,83
230,0,3,23,1,-1.0,3,1,4133,25.4667,0.0,83
231,1,1,44,1,35.0,1,0,36973,83.475,174.0,83
232,0,3,24,0,29.0,0,0,347067,7.775,0.0,83
233,0,2,25,0,59.0,0,0,237442,13.5,0.0,83
234,1,3,30,1,5.0,4,2,347077,31.3875,0.0,83
235,0,2,33,0,24.0,0,0,29566,10.5,0.0,83
236,0,3,28,1,-1.0,0,0,6609,7.55,0.0,83
237,0,2,17,0,44.0,1,0,26707,26.0,0.0,83
238,1,2,32,1,8.0,0,2,31921,26.25,0.0,83
239,0,2,31,0,19.0,0,0,28665,10.5,0.0,83
240,0,2,22,0,33.0,0,0,1585,12.275,0.0,83
241,0,3,21,1,-1.0,1,0,2665,14.4542,0.0,67
242,1,3,30,1,-1.0,1,0,367230,15.5,0.0,81
243,0,2,31,0,29.0,0,0,14263,10.5,0.0,83
244,0,3,29,0,22.0,0,0,23101275,7.125,0.0,83
245,0,3,20,0,30.0,0,0,2694,7.225,0.0,67
246,0,1,27,0,44.0,2,0,19928,90.0,178.0,81
247,0,3,37,1,25.0,0,0,347071,7.775,0.0,83
248,1,2,31,1,24.0,0,2,250649,14.5,0.0,83
249,1,1,29,0,37.0,1,1,11751,52.5542,172.0,83
250,0,2,29,0,54.0,1,0,244252,26.0,0.0,83
251,0,3,22,0,-1.0,0,0,362316,7.25,0.0,83
252,0,3,42,1,29.0,1,1,347054,10.4625,125.0,83
253,0,1,25,0,62.0,0,0,113514,26.55,178.0,83
254,0,3,24,0,30.0,1,0,53336,16.1,0.0,83
255,0,3,40,1,41.0,0,2,370129,20.2125,0.0,83
256,1,3,39,1,29.0,0,2,2650,15.2458,0.0,67
257,1,1,30,1,-1.0,0,0,17585,79.2,0.0,67
258,1,1,20,1,30.0,0,0,110152,86.5,176.0,83
259,1,1,16,1,35.0,0,0,17755,512.3292,0.0,67
260,1,2,27,1,50.0,0,1,230433,26.0,0.0,83
261,0,3,17,0,-1.0,0,0,384461,7.75,0.0,81
262,1,3,33,0,3.0,4,2,347077,31.3875,0.0,83
263,0,1,17,0,52.0,1,1,110413,79.65,178.0,83
264,0,1,21,0,40.0,0,0,112059,0.0,175.0,83
265,0,3,18,1,-1.0,0,0,382649,7.75,0.0,81
266,0,2,17,0,36.0,0,0,17248,10.5,0.0,83
267,0,3,25,0,16.0,4,1,3101295,39.6875,0.0,83
268,1,3,24,0,25.0,1,0,347083,7.775,0.0,83
269,1,1,45,1,58.0,0,1,17582,153.4625,219.0,83
270,1,1,22,1,35.0,0,0,17760,135.6333,181.0,83
271,0,1,21,0,-1.0,0,0,113798,31.0,0.0,83
272,1,3,28,0,25.0,0,0,0,0.0,0.0,83
273,1,2,41,1,41.0,0,1,250644,19.5,0.0,83
274,0,1,21,0,37.0,0,1,17596,29.7,221.0,67
275,1,3,26,1,-1.0,0,0,370375,7.75,0.0,81
276,1,1,33,1,63.0,1,0,13502,77.9583,123.0,83
277,0,3,33,1,45.0,0,0,347073,7.75,0.0,83
278,0,2,27,0,-1.0,0,0,239853,0.0,0.0,83
279,0,3,18,0,7.0,4,1,382652,29.125,0.0,81
280,1,3,32,1,35.0,1,1,2673,20.25,0.0,83
281,0,3,16,0,65.0,0,0,336439,7.75,0.0,81
282,0,3,32,0,28.0,0,0,347464,7.8542,0.0,83
283,0,3,25,0,16.0,0,0,345778,9.5,0.0,83
284,1,3,26,0,19.0,0,0,510482,8.05,0.0,83
285,0,1,26,0,-1.0,0,0,113056,26.0,171.0,83
286,0,3,19,0,33.0,0,0,349239,8.6625,0.0,67
287,1,3,23,0,30.0,0,0,345774,9.5,0.0,83
288,0,3,20,0,22.0,0,0,349206,7.8958,0.0,83
289,1,2,20,0,42.0,0,0,237798,13.0,0.0,83
290,1,3,20,1,22.0,0,0,370373,7.75,0.0,81
291,1,1,28,1,26.0,0,0,19877,78.85,0.0,83
292,1,1,39,1,19.0,1,0,11967,91.0792,175.0,67
293,0,2,22,0,36.0,0,0,2163,12.875,68.0,67
294,0,3,19,1,24.0,0,0,349236,8.85,0.0,83
295,0,3,16,0,24.0,0,0,349233,7.8958,0.0,83
296,0,1,17,0,-1.0,0,0,17612,27.7208,0.0,67
297,0,3,18,0,23.5,0,0,2693,7.2292,0.0,67
298,0,1,28,1,2.0,1,2,113781,151.55,169.0,83
299,1,1,21,0,-1.0,0,0,19988,30.5,218.0,83
300,1,1,47,1,50.0,0,1,17558,247.5208,171.5,67
301,1,3,40,1,-1.0,0,0,9234,7.75,0.0,81
302,1,3,18,0,-1.0,2,0,367226,23.25,0.0,81
303,0,3,31,0,19.0,0,0,0,0.0,0.0,83
304,1,2,19,1,-1.0,0,0,226593,12.35,215.0,81
305,0,3,33,0,-1.0,0,0,52466,8.05,0.0,83
306,1,1,30,0,0.92,1,2,113781,151.55,169.0,83
307,1,1,23,1,-1.0,0,0,17421,110.8833,0.0,67
308,1,1,82,1,17.0,1,0,17758,108.9,174.0,67
309,0,2,19,0,30.0,1,0,3381,24.0,0.0,67
310,1,1,30,1,30.0,0,0,17485,56.9292,174.0,67
311,1,1,30,1,24.0,0,0,11767,83.1583,172.0,67
312,1,1,26,1,18.0,2,2,17608,262.375,173.75,67
313,0,2,37,1,26.0,1,1,250651,26.0,0.0,83
314,0,3,22,0,28.0,0,0,349243,7.8958,0.0,83
315,0,2,18,0,43.0,1,1,13529,26.25,0.0,83
316,1,3,31,1,26.0,0,0,347470,7.8542,0.0,83
317,1,2,35,1,24.0,1,0,244367,26.0,0.0,83
318,0,2,20,0,54.0,0,0,29011,14.0,0.0,83
319,1,1,24,1,31.0,0,2,36928,164.8667,122.0,83
320,1,1,56,1,40.0,1,1,16966,134.5,172.0,67
321,0,3,18,0,22.0,0,0,521172,7.25,0.0,83
322,0,3,16,0,27.0,0,0,349219,7.8958,0.0,83
323,1,2,25,1,30.0,0,0,234818,12.35,0.0,81
324,1,2,51,1,22.0,1,1,248738,29.0,0.0,83
325,0,3,24,0,-1.0,8,2,2343,69.55,0.0,83
326,1,1,24,1,36.0,0,0,17760,135.6333,168.0,67
327,0,3,25,0,61.0,0,0,345364,6.2375,0.0,83
328,1,2,23,1,36.0,0,0,28551,13.0,68.0,83
329,1,3,46,1,31.0,1,1,363291,20.525,0.0,83
330,1,1,28,1,16.0,0,1,111361,57.9792,171.0,67
331,1,3,18,1,-1.0,2,0,367226,23.25,0.0,81
332,0,1,19,0,45.5,0,0,113043,28.5,218.0,83
333,0,1,25,0,38.0,0,1,17582,153.4625,173.0,83
334,0,3,31,0,16.0,2,0,345764,18.0,0.0,83
335,1,1,50,1,-1.0,1,0,17611,133.65,0.0,83
336,0,3,18,0,-1.0,0,0,349225,7.8958,0.0,83
337,0,1,25,0,29.0,1,0,113776,66.6,117.0,83
338,1,1,31,1,41.0,0,0,16966,134.5,169.0,67
339,1,3,21,0,45.0,0,0,7598,8.05,0.0,83
340,0,1,28,0,45.0,0,0,113784,35.5,84.0,83
341,1,2,30,0,2.0,1,1,230080,26.0,120.0,83
342,1,1,30,1,24.0,3,2,19950,263.0,170.0,83
343,0,2,26,0,28.0,0,0,248740,13.0,0.0,83
344,0,2,42,0,25.0,0,0,244361,13.0,0.0,83
345,0,2,23,0,36.0,0,0,229236,13.0,0.0,83
346,1,2,29,1,24.0,0,0,248733,13.0,172.0,83
347,1,2,25,1,40.0,0,0,31418,13.0,0.0,83
348,1,3,41,1,-1.0,1,0,386525,16.1,0.0,83
349,1,3,38,0,3.0,1,1,37671,15.9,0.0,83
350,0,3,16,0,42.0,0,0,315088,8.6625,0.0,83
351,0,3,22,0,23.0,0,0,7267,9.225,0.0,83
352,0,1,38,0,-1.0,0,0,113510,35.0,222.0,83
353,0,3,18,0,15.0,1,1,2695,7.2292,0.0,67
354,0,3,25,0,25.0,1,0,349237,17.8,0.0,83
355,0,3,17,0,-1.0,0,0,2647,7.225,0.0,67
356,0,3,27,0,28.0,0,0,345783,9.5,0.0,83
357,1,1,27,1,22.0,0,1,113505,55.0,171.0,83
358,0,2,25,1,38.0,0,0,237671,13.0,0.0,83
359,1,3,20,1,-1.0,0,0,330931,7.8792,0.0,81
360,1,3,33,1,-1.0,0,0,330980,7.8792,0.0,81
361,0,3,18,0,40.0,1,4,347088,27.9,0.0,83
362,0,2,25,0,29.0,1,0,2167,27.7208,0.0,67
363,0,3,31,1,45.0,0,1,2691,14.4542,0.0,67
364,0,3,15,0,35.0,0,0,3101310,7.05,0.0,83
365,0,3,19,0,-1.0,1,0,370365,15.5,0.0,81
366,0,3,30,0,30.0,0,0,7076,7.25,0.0,83
367,1,1,48,1,60.0,1,0,110813,75.25,174.0,67
368,1,3,30,1,-1.0,0,0,2626,7.2292,0.0,67
369,1,3,19,1,-1.0,0,0,14313,7.75,0.0,81
370,1,1,29,1,24.0,0,0,17477,69.3,170.0,67
371,1,1,27,0,25.0,1,0,11765,55.4417,170.0,67
372,0,3,25,0,18.0,1,0,3101267,6.4958,0.0,83
373,0,3,26,0,19.0,0,0,323951,8.05,0.0,83
374,0,1,19,0,22.0,0,0,17760,135.6333,0.0,67
375,0,3,26,1,3.0,3,1,349909,21.075,0.0,83
376,1,1,37,1,-1.0,1,0,17604,82.1708,0.0,67
377,1,3,31,1,22.0,0,0,7077,7.25,0.0,83
378,0,1,25,0,27.0,0,2,113503,211.5,173.0,67
379,0,3,19,0,20.0,0,0,2648,4.0125,0.0,67
380,0,3,27,0,19.0,0,0,347069,7.775,0.0,83
381,1,1,21,1,42.0,0,0,17757,227.525,0.0,67
382,1,3,27,1,1.0,0,2,2653,15.7417,0.0,67
383,0,3,18,0,32.0,0,0,23101293,7.925,0.0,83
384,1,1,51,1,35.0,1,0,113789,52.0,0.0,83
385,0,3,22,0,-1.0,0,0,349227,7.8958,0.0,83
386,0,2,25,0,18.0,0,0,14879,73.5,0.0,83
387,0,3,31,0,1.0,5,2,2144,46.9,0.0,83
388,1,2,16,1,36.0,0,0,27849,13.0,0.0,83
389,0,3,20,0,-1.0,0,0,367655,7.7292,0.0,81
390,1,2,21,1,17.0,0,0,1748,12.0,0.0,67
391,1,1,26,0,36.0,1,2,113760,120.0,178.0,83
392,1,3,22,0,21.0,0,0,350034,7.7958,0.0,83
393,0,3,28,0,28.0,2,0,3101277,7.925,0.0,83
394,1,1,22,1,23.0,1,0,35273,113.275,173.0,67
395,1,3,51,1,24.0,0,2,9549,16.7,125.0,83
396,0,3,19,0,22.0,0,0,350052,7.7958,0.0,83
397,0,3,19,1,31.0,0,0,350407,7.8542,0.0,83
398,0,2,23,0,46.0,0,0,28403,26.0,0.0,83
399,0,2,16,0,23.0,0,0,244278,10.5,0.0,83
400,1,2,32,1,28.0,0,0,240929,12.65,0.0,83
401,1,3,18,0,39.0,0,0,23101289,7.925,0.0,83
402,0,3,15,0,26.0,0,0,341826,8.05,0.0,83
403,0,3,24,1,21.0,1,0,4137,9.825,0.0,83
404,0,3,30,0,28.0,1,0,23101279,15.85,0.0,83
405,0,3,23,1,20.0,0,0,315096,8.6625,0.0,83
406,0,2,18,0,34.0,1,0,28664,21.0,0.0,83
407,0,3,32,0,51.0,0,0,347064,7.75,0.0,83
408,1,2,30,0,3.0,1,1,29106,18.75,0.0,83
409,0,3,33,0,21.0,0,0,312992,7.775,0.0,83
410,0,3,18,1,-1.0,3,1,4133,25.4667,0.0,83
411,0,3,18,0,-1.0,0,0,349222,7.8958,0.0,83
412,0,3,15,0,-1.0,0,0,394140,6.8583,0.0,81
413,1,1,22,1,33.0,1,0,19928,90.0,178.0,81
414,0,2,30,0,-1.0,0,0,239853,0.0,0.0,83
415,1,3,25,0,44.0,0,0,23101269,7.925,0.0,83
416,0,3,39,1,-1.0,0,0,343095,8.05,0.0,83
417,1,2,47,1,34.0,1,1,28220,32.5,0.0,83
418,1,2,29,1,18.0,0,2,250652,13.0,0.0,83
419,0,2,26,0,30.0,0,0,28228,13.0,0.0,83
420,0,3,25,1,10.0,0,2,345773,24.15,0.0,83
421,0,3,22,0,-1.0,0,0,349254,7.8958,0.0,67
422,0,3,19,0,21.0,0,0,513032,7.7333,0.0,81
423,0,3,18,0,29.0,0,0,315082,7.875,0.0,83
424,0,3,54,1,28.0,1,1,347080,14.4,0.0,83
425,0,3,27,0,18.0,1,1,370129,20.2125,0.0,83
426,0,3,22,0,-1.0,0,0,434244,7.25,0.0,83
427,1,2,43,1,28.0,1,0,2003,26.0,0.0,83
428,1,2,67,1,19.0,0,0,250655,26.0,0.0,83
429,0,3,16,0,-1.0,0,0,364851,7.75,0.0,81
430,1,3,34,0,32.0,0,0,392078,8.05,166.0,83
431,1,1,41,0,28.0,0,0,110564,26.55,170.0,83
432,1,3,49,1,-1.0,1,0,376564,16.1,0.0,83
433,1,2,51,1,42.0,1,0,3085,26.0,0.0,83
434,0,3,26,0,17.0,0,0,23101274,7.125,0.0,83
435,0,1,25,0,50.0,1,0,13507,55.9,173.0,83
436,1,1,25,1,14.0,1,2,113760,120.0,178.0,83
437,0,3,36,1,21.0,2,2,6608,34.375,0.0,83
438,1,2,37,1,24.0,2,3,29106,18.75,0.0,83
439,0,1,17,0,64.0,1,4,19950,263.0,170.0,83
440,0,2,38,0,31.0,0,0,18723,10.5,0.0,83
441,1,2,43,1,45.0,1,1,13529,26.25,0.0,83
442,0,3,15,0,20.0,0,0,345769,9.5,0.0,83
443,0,3,25,0,25.0,1,0,347076,7.775,0.0,83
444,1,2,25,1,28.0,0,0,230434,13.0,0.0,83
445,1,3,33,0,-1.0,0,0,65306,8.1125,0.0,83
446,1,1,25,0,4.0,0,2,33638,81.8583,168.0,83
447,1,2,33,1,13.0,0,1,250644,19.5,0.0,83
448,1,1,27,0,34.0,0,0,113794,26.55,0.0,83
449,1,3,30,1,5.0,2,1,2666,19.2583,0.0,67
450,1,1,30,0,52.0,0,0,113786,30.5,216.0,83
451,0,2,21,0,36.0,1,2,34651,27.75,0.0,83
452,0,3,31,0,-1.0,1,0,65303,19.9667,0.0,83
453,0,1,31,0,30.0,0,0,113051,27.75,214.0,67
454,1,1,24,0,49.0,1,0,17453,89.1042,174.0,67
455,0,3,19,0,-1.0,0,0,52817,8.05,0.0,83
456,1,3,18,0,29.0,0,0,349240,7.8958,0.0,67
457,0,1,25,0,65.0,0,0,13509,26.55,176.0,83
458,1,1,33,1,-1.0,1,0,17464,51.8625,167.0,83
459,1,2,19,1,50.0,0,0,13531,10.5,0.0,83
460,0,3,21,0,-1.0,0,0,371060,7.75,0.0,81
461,1,1,19,0,48.0,0,0,19952,26.55,168.0,83
462,0,3,19,0,34.0,0,0,364506,8.05,0.0,83
463,0,1,17,0,47.0,0,0,111320,38.5,174.0,83
464,0,2,28,0,48.0,0,0,234360,13.0,0.0,83
465,0,3,18,0,-1.0,0,0,2816,8.05,0.0,83
466,0,3,31,0,38.0,0,0,3101306,7.05,0.0,83
467,0,2,21,0,-1.0,0,0,239853,0.0,0.0,83
468,0,1,26,0,56.0,0,0,113792,26.55,0.0,83
469,0,3,18,0,-1.0,0,0,36209,7.725,0.0,81
470,1,3,29,1,0.75,2,1,2666,19.2583,0.0,67
471,0,3,17,0,-1.0,0,0,323592,7.25,0.0,83
472,0,3,15,0,38.0,0,0,315089,8.6625,0.0,83
473,1,2,39,1,33.0,1,2,34651,27.75,0.0,83
474,1,2,44,1,23.0,0,0,541,13.7917,68.0,67
475,0,3,27,1,22.0,0,0,7553,9.8375,0.0,83
476,0,1,27,0,-1.0,0,0,110465,52.0,166.0,83
477,0,2,23,0,34.0,1,0,31027,21.0,0.0,83
478,0,3,25,0,29.0,1,0,3460,7.0458,0.0,83
479,0,3,25,0,22.0,0,0,350060,7.5208,0.0,83
480,1,3,24,1,2.0,0,1,3101298,12.2875,0.0,83
481,0,3,30,0,9.0,5,2,2144,46.9,0.0,83
482,0,2,32,0,-1.0,0,0,239854,0.0,0.0,83
483,0,3,24,0,50.0,0,0,53594,8.05,0.0,83
484,1,3,22,1,63.0,0,0,4134,9.5875,0.0,83
485,1,1,23,0,25.0,1,0,11967,91.0792,175.0,67
486,0,3,22,1,-1.0,3,1,4133,25.4667,0.0,83
487,1,1,47,1,35.0,1,0,19943,90.0,175.0,83
488,0,1,23,0,58.0,0,0,11771,29.7,172.0,67
489,0,3,29,0,30.0,0,0,518509,8.05,0.0,83
490,1,3,37,0,9.0,1,1,37671,15.9,0.0,83
491,0,3,36,0,-1.0,1,0,65304,19.9667,0.0,83
492,0,3,19,0,21.0,0,0,3101317,7.25,0.0,83
493,0,1,26,0,55.0,0,0,113787,30.5,166.0,83
494,0,1,23,0,71.0,0,0,17609,49.5042,0.0,67
495,0,3,26,0,21.0,0,0,445380,8.05,0.0,83
496,0,3,21,0,-1.0,0,0,2627,14.4583,0.0,67
497,1,1,30,1,54.0,1,0,36947,78.2667,166.0,67
498,0,3,31,0,-1.0,0,0,6212,15.1,0.0,83
499,0,1,47,1,25.0,1,2,113781,151.55,169.0,83
500,0,3,18,0,24.0,0,0,350035,7.7958,0.0,83
501,0,3,16,0,17.0,0,0,315086,8.6625,0.0,83
502,0,3,19,1,21.0,0,0,364846,7.75,0.0,81
503,0,3,30,1,-1.0,0,0,330909,7.6292,0.0,81
504,0,3,30,1,37.0,0,0,4135,9.5875,0.0,83
505,1,1,21,1,16.0,0,0,110152,86.5,178.0,83
506,0,1,42,0,18.0,1,0,17758,108.9,174.0,67
507,1,2,45,1,33.0,0,2,26360,26.0,0.0,83
508,1,1,45,0,-1.0,0,0,111427,26.55,0.0,83
509,0,3,24,0,28.0,0,0,4001,22.525,0.0,83
510,1,3,14,0,26.0,0,0,1601,56.4958,0.0,83
511,1,3,24,0,29.0,0,0,382651,7.75,0.0,81
512,0,3,17,0,-1.0,0,0,3101316,8.05,0.0,83
513,1,1,25,0,36.0,0,0,17473,26.2875,172.0,83
514,1,1,46,1,54.0,1,0,17603,59.4,0.0,67
515,0,3,17,0,24.0,0,0,349209,7.4958,0.0,83
516,0,1,28,0,47.0,0,0,36967,34.0208,174.0,83
517,1,2,28,1,34.0,0,0,34260,10.5,172.0,83
518,0,3,17,0,-1.0,0,0,371110,24.15,0.0,81
519,1,2,52,1,36.0,1,0,226875,26.0,0.0,83
520,0,3,19,0,32.0,0,0,349242,7.8958,0.0,83
521,1,1,21,1,30.0,0,0,12749,93.5,172.0,83
522,0,3,15,0,22.0,0,0,349252,7.8958,0.0,83
523,0,3,18,0,-1.0,0,0,2624,7.225,0.0,67
524,1,1,47,1,44.0,0,1,111361,57.9792,171.0,67
525,0,3,17,0,-1.0,0,0,2700,7.2292,0.0,67
526,0,3,18,0,40.5,0,0,367232,7.75,0.0,81
527,1,2,20,1,50.0,0,0,14258,10.5,0.0,83
528,0,1,18,0,-1.0,0,0,17483,221.7792,177.0,83
529,0,3,25,0,39.0,0,0,3101296,7.925,0.0,83
530,0,2,27,0,23.0,2,1,29104,11.5,0.0,83
531,1,2,24,1,2.0,1,1,26360,26.0,0.0,83
532,0,3,17,0,-1.0,0,0,2641,7.2292,0.0,67
533,0,3,20,0,17.0,1,1,2690,7.2292,0.0,67
534,1,3,38,1,-1.0,0,2,2668,22.3583,0.0,67
535,0,3,19,1,30.0,0,0,315084,8.6625,0.0,83
536,1,2,22,1,7.0,0,2,13529,26.25,0.0,83
537,0,1,33,0,45.0,0,0,113050,26.55,173.0,83
538,1,1,19,1,30.0,0,0,17761,106.425,0.0,67
539,0,3,24,0,-1.0,0,0,364498,14.5,0.0,83
540,1,1,34,1,22.0,0,2,13568,49.5,174.0,67
541,1,1,23,1,36.0,0,2,5735,71.0,166.0,83
542,0,3,36,1,9.0,4,2,347082,31.275,0.0,83
543,0,3,33,1,11.0,4,2,347082,31.275,0.0,83
544,1,2,17,0,32.0,1,0,2908,26.0,0.0,83
545,0,1,26,0,50.0,1,0,17761,106.425,177.0,67
546,0,1,28,0,64.0,0,0,693,26.0,0.0,83
547,1,2,33,1,19.0,1,0,2908,26.0,0.0,83
548,1,2,26,0,-1.0,0,0,2146,13.8625,0.0,67
549,0,3,25,0,33.0,1,1,363291,20.525,0.0,83
550,1,2,30,0,8.0,1,1,33112,36.75,0.0,83
551,1,1,27,0,17.0,0,2,17421,110.8833,170.0,67
552,0,2,27,0,27.0,0,0,244358,26.0,0.0,83
553,0,3,20,0,-1.0,0,0,330979,7.8292,0.0,81
554,1,3,33,0,22.0,0,0,2620,7.225,0.0,67
555,1,3,18,1,22.0,0,0,347085,7.775,0.0,83
556,0,1,18,0,62.0,0,0,113807,26.55,0.0,83
557,1,1,65,1,48.0,1,0,11755,39.6,168.0,67
558,0,1,19,0,-1.0,0,0,17757,227.525,0.0,67
559,1,1,38,1,39.0,1,1,110413,79.65,178.0,83
560,1,3,44,1,36.0,1,0,345572,17.4,0.0,83
561,0,3,24,0,-1.0,0,0,372622,7.75,0.0,81
562,0,3,17,0,40.0,0,0,349251,7.8958,0.0,83
563,0,2,26,0,28.0,0,0,218629,13.5,0.0,83
564,0,3,17,0,-1.0,0,0,392082,8.05,0.0,83
565,0,3,30,1,-1.0,0,0,392087,8.05,0.0,83
566,0,3,20,0,24.0,2,0,448871,24.15,0.0,83
567,0,3,20,0,19.0,0,0,349205,7.8958,0.0,83
568,0,3,43,1,29.0,0,4,349909,21.075,0.0,83
569,0,3,19,0,-1.0,0,0,2686,7.2292,0.0,67
570,1,3,17,0,32.0,0,0,350417,7.8542,0.0,83
571,1,2,18,0,62.0,0,0,752,10.5,0.0,83
572,1,1,45,1,53.0,2,0,11769,51.4792,213.0,83
573,1,1,32,0,36.0,0,0,17474,26.3875,172.0,83
574,1,3,17,1,-1.0,0,0,14312,7.75,0.0,81
575,0,3,28,0,16.0,0,0,420589,8.05,0.0,83
576,0,3,20,0,19.0,0,0,358585,14.5,0.0,83
577,1,2,20,1,34.0,0,0,243880,13.0,0.0,83
578,1,1,41,1,39.0,1,0,13507,55.9,173.0,83
579,0,3,32,1,-1.0,1,0,2689,14.4583,0.0,67
580,1,3,19,0,32.0,0,0,23101286,7.925,0.0,83
581,1,2,27,1,25.0,1,1,237789,30.0,0.0,83
582,1,1,52,1,39.0,1,1,17421,110.8833,177.0,67
583,0,2,26,0,54.0,0,0,28403,26.0,0.0,83
584,0,1,19,0,36.0,0,0,13049,40.125,162.0,67
585,0,3,19,0,-1.0,0,0,3411,8.7125,0.0,67
586,1,1,19,1,18.0,0,2,110413,79.65,179.0,83
587,0,2,23,0,47.0,0,0,237565,15.0,0.0,83
588,1,1,32,0,60.0,1,1,13567,79.2,167.0,67
589,0,3,21,0,22.0,0,0,14973,8.05,0.0,83
590,0,3,19,0,-1.0,0,0,53235,8.05,0.0,83
591,0,3,20,0,35.0,0,0,23101273,7.125,0.0,83
592,1,1,47,1,52.0,1,0,36947,78.2667,166.0,67
593,0,3,26,0,47.0,0,0,53902,7.25,0.0,83
594,0,3,18,1,-1.0,0,2,364848,7.75,0.0,81
595,0,2,23,0,37.0,1,0,29037,26.0,0.0,83
596,0,3,27,0,36.0,1,1,345773,24.15,0.0,83
597,1,2,26,1,-1.0,0,0,248727,33.0,0.0,83
598,0,3,19,0,49.0,0,0,0,0.0,0.0,83
599,0,3,17,0,-1.0,0,0,2664,7.225,0.0,67
600,1,1,44,0,49.0,1,0,17485,56.9292,163.0,67
601,1,2,51,1,24.0,2,1,243847,27.0,0.0,83
602,0,3,20,0,-1.0,0,0,349214,7.8958,0.0,83
603,0,1,25,0,-1.0,0,0,113796,42.4,0.0,83
604,0,3,25,0,44.0,0,0,364511,8.05,0.0,83
605,1,1,31,0,35.0,0,0,111426,26.55,0.0,67
606,0,3,29,0,36.0,1,0,349910,15.55,0.0,83
607,0,3,17,0,30.0,0,0,349246,7.8958,0.0,83
608,1,1,27,0,27.0,0,0,113804,30.5,0.0,83
609,1,2,53,1,22.0,1,2,2123,41.5792,0.0,67
610,1,1,25,1,40.0,0,0,17582,153.4625,219.0,83
611,0,3,57,1,39.0,1,5,347082,31.275,0.0,83
612,0,3,21,0,-1.0,0,0,3101305,7.05,0.0,83
613,1,3,27,1,-1.0,1,0,367230,15.5,0.0,81
614,0,3,16,0,-1.0,0,0,370377,7.75,0.0,81
615,0,3,31,0,35.0,0,0,364512,8.05,0.0,83
616,1,2,19,1,24.0,1,2,220845,65.0,0.0,83
617,0,3,25,0,34.0,1,1,347080,14.4,0.0,83
618,0,3,47,1,26.0,1,0,53336,16.1,0.0,83
619,1,2,27,1,4.0,2,1,230136,39.0,122.0,83
620,0,2,19,0,26.0,0,0,31028,10.5,0.0,83
621,0,3,19,0,27.0,1,0,2659,14.4542,0.0,67
622,1,1,28,0,42.0,1,0,11753,52.5542,174.0,83
623,1,3,16,0,20.0,1,1,2653,15.7417,0.0,67
624,0,3,27,0,21.0,0,0,350029,7.8542,0.0,83
625,0,3,27,0,21.0,0,0,54636,16.1,0.0,83
626,0,1,21,0,61.0,0,0,36963,32.3208,169.0,83
627,0,2,30,0,57.0,0,0,219533,12.35,0.0,81
628,1,1,29,1,21.0,0,0,13502,77.9583,125.0,83
629,0,3,25,0,26.0,0,0,349224,7.8958,0.0,83
630,0,3,24,0,-1.0,0,0,334912,7.7333,0.0,81
631,1,1,36,0,80.0,0,0,27042,30.0,166.0,83
632,0,3,27,0,51.0,0,0,347743,7.0542,0.0,83
633,1,1,25,0,32.0,0,0,13214,30.5,167.0,67
634,0,1,29,0,-1.0,0,0,112052,0.0,0.0,83
635,0,3,18,1,9.0,3,2,347088,27.9,0.0,83
636,1,2,17,1,28.0,0,0,237668,13.0,0.0,83
637,0,3,26,0,32.0,0,0,23101292,7.925,0.0,83
638,0,2,19,0,31.0,1,1,31921,26.25,0.0,83
639,0,3,38,1,41.0,0,5,3101295,39.6875,0.0,83
640,0,3,26,0,-1.0,1,0,376564,16.1,0.0,83
641,0,3,22,0,20.0,0,0,350050,7.8542,0.0,83
642,1,1,20,1,24.0,0,0,17477,69.3,170.0,67
643,0,3,29,1,2.0,3,2,347088,27.9,0.0,83
644,1,3,15,0,-1.0,0,0,1601,56.4958,0.0,83
645,1,3,22,1,0.75,2,1,2666,19.2583,0.0,67
646,1,1,25,0,48.0,1,0,17572,76.7292,170.0,67
647,0,3,17,0,19.0,0,0,349231,7.8958,0.0,83
648,1,1,35,0,56.0,0,0,13213,35.5,169.0,67
649,0,3,18,0,-1.0,0,0,751,7.55,0.0,83
650,1,3,31,1,23.0,0,0,2314,7.55,0.0,83
651,0,3,17,0,-1.0,0,0,349221,7.8958,0.0,83
652,1,2,19,1,18.0,0,1,231919,23.0,0.0,83
653,0,3,30,0,21.0,0,0,8475,8.4333,0.0,83
654,1,3,29,1,-1.0,0,0,330919,7.8292,0.0,81
655,0,3,28,1,18.0,0,0,365226,6.75,0.0,81
656,0,2,25,0,24.0,2,0,14879,73.5,0.0,83
657,0,3,21,0,-1.0,0,0,349223,7.8958,0.0,83
658,0,3,29,1,32.0,1,1,364849,15.5,0.0,81
659,0,2,28,0,23.0,0,0,29751,13.0,0.0,83
660,0,1,26,0,58.0,0,2,35273,113.275,176.0,67
661,1,1,29,0,50.0,2,0,17611,133.65,0.0,83
662,0,3,17,0,40.0,0,0,2623,7.225,0.0,67
663,0,1,26,0,47.0,0,0,5727,25.5875,178.0,83
664,0,3,16,0,36.0,0,0,349210,7.4958,0.0,83
665,1,3,27,0,20.0,1,0,23101285,7.925,0.0,83
666,0,2,18,0,32.0,2,0,14879,73.5,0.0,83
667,0,2,27,0,25.0,0,0,234686,13.0,0.0,83
668,0,3,26,0,-1.0,0,0,312993,7.775,0.0,83
669,0,3,15,0,43.0,0,0,53536,8.05,0.0,83
670,1,1,49,1,-1.0,1,0,19996,52.0,220.0,83
671,1,2,61,1,40.0,1,1,29750,39.0,0.0,83
672,0,1,22,0,31.0,1,0,12750,52.0,170.0,83
673,0,2,27,0,70.0,0,0,24580,10.5,0.0,83
674,1,2,21,0,31.0,0,0,244270,13.0,0.0,83
675,0,2,26,0,-1.0,0,0,239856,0.0,0.0,83
676,0,3,30,0,18.0,0,0,349912,7.775,0.0,83
677,0,3,29,0,24.5,0,0,342826,8.05,0.0,83
678,1,3,23,1,18.0,0,0,4138,9.8417,0.0,83
679,0,3,39,1,43.0,1,6,2144,46.9,0.0,83
680,1,1,34,0,36.0,0,1,17755,512.3292,170.0,67
681,0,3,19,1,-1.0,0,0,330935,8.1375,0.0,81
682,1,1,18,0,27.0,0,0,17572,76.7292,177.0,67
683,0,3,27,0,20.0,0,0,6563,9.225,0.0,83
684,0,3,27,0,14.0,5,2,2144,46.9,0.0,83
685,0,2,33,0,60.0,1,1,29750,39.0,0.0,83
686,0,2,38,0,25.0,1,2,2123,41.5792,0.0,67
687,0,3,24,0,14.0,4,1,3101295,39.6875,0.0,83
688,0,3,17,0,19.0,0,0,349228,10.1708,0.0,83
689,0,3,31,0,18.0,0,0,350036,7.7958,0.0,83
690,1,1,33,1,15.0,0,1,24160,211.3375,119.0,83
691,1,1,23,0,31.0,1,0,17474,57.0,164.0,83
692,1,3,18,1,4.0,0,1,349256,13.4167,0.0,67
693,1,3,12,0,-1.0,0,0,1601,56.4958,0.0,83
694,0,3,16,0,25.0,0,0,2672,7.225,0.0,67
695,0,1,15,0,60.0,0,0,113800,26.55,0.0,83
696,0,2,26,0,52.0,0,0,248731,13.5,0.0,83
697,0,3,16,0,44.0,0,0,363592,8.05,0.0,83
698,1,3,32,1,-1.0,0,0,35852,7.7333,0.0,81
699,0,1,24,0,49.0,1,1,17421,110.8833,177.0,67
700,0,3,40,0,42.0,0,0,348121,7.65,123.0,83
701,1,1,49,1,18.0,1,0,17757,227.525,172.0,67
702,1,1,32,0,35.0,0,0,17475,26.2875,171.0,83
703,0,3,21,1,18.0,0,1,2691,14.4542,0.0,67
704,0,3,21,0,25.0,0,0,36864,7.7417,0.0,81
705,0,3,23,0,26.0,1,0,350025,7.8542,0.0,83
706,0,2,46,0,39.0,0,0,250655,26.0,0.0,83
707,1,2,29,1,45.0,0,0,223596,13.5,0.0,83
708,1,1,33,0,42.0,0,0,17476,26.2875,171.0,83
709,1,1,20,1,22.0,0,0,113781,151.55,0.0,83
710,1,3,49,0,-1.0,1,1,2661,15.2458,0.0,67
711,1,1,48,1,24.0,0,0,17482,49.5042,172.0,67
712,0,1,18,0,-1.0,0,0,113028,26.55,218.0,83
713,1,1,24,0,48.0,1,0,19996,52.0,220.0,83
714,0,3,26,0,29.0,0,0,7545,9.4833,0.0,83
715,0,2,21,0,52.0,0,0,250647,13.0,0.0,83
716,0,3,42,0,19.0,0,0,348124,7.65,123.5,83
717,1,1,29,1,38.0,0,0,17757,227.525,172.0,67
718,1,2,35,1,27.0,0,0,34218,10.5,215.0,83
719,0,3,19,0,-1.0,0,0,36568,15.5,0.0,81
720,0,3,28,0,33.0,0,0,347062,7.775,0.0,83
721,1,2,33,1,6.0,0,1,248727,33.0,0.0,83
722,0,3,25,0,17.0,1,0,350048,7.0542,0.0,83
723,0,2,28,0,34.0,0,0,12233,13.0,0.0,83
724,0,2,23,0,50.0,0,0,250643,13.0,0.0,83
725,1,1,29,0,27.0,1,0,113806,53.1,125.0,83
726,0,3,19,0,20.0,0,0,315094,8.6625,0.0,83
727,1,2,43,1,30.0,3,0,31027,21.0,0.0,83
728,1,3,24,1,-1.0,0,0,36866,7.7375,0.0,81
729,0,2,31,0,25.0,1,0,236853,26.0,0.0,83
730,0,3,29,1,25.0,1,0,23101271,7.925,0.0,83
731,1,1,29,1,29.0,0,0,24160,211.3375,119.0,83
732,0,3,24,0,11.0,0,0,2699,18.7875,0.0,67
733,0,2,20,0,-1.0,0,0,239855,0.0,0.0,83
734,0,2,26,0,23.0,0,0,28425,13.0,0.0,83
735,0,2,28,0,23.0,0,0,233639,13.0,0.0,83
736,0,3,20,0,28.5,0,0,54636,16.1,0.0,83
737,0,3,39,1,48.0,1,3,6608,34.375,0.0,83
738,1,1,22,0,35.0,0,0,17755,512.3292,212.0,67
739,0,3,18,0,-1.0,0,0,349201,7.8958,0.0,83
740,0,3,18,0,-1.0,0,0,349218,7.8958,0.0,83
741,1,1,27,0,-1.0,0,0,16988,30.0,173.0,83
742,0,1,29,0,36.0,1,0,19877,78.85,173.0,83
743,1,1,37,1,21.0,2,2,17608,262.375,173.75,67
744,0,3,17,0,24.0,1,0,376566,16.1,0.0,83
745,1,3,18,0,31.0,0,0,23101288,7.925,0.0,83
746,0,1,28,0,70.0,1,1,5735,71.0,166.0,83
747,0,3,27,0,16.0,1,1,2673,20.25,0.0,83
748,1,2,21,1,30.0,0,0,250648,13.0,0.0,83
749,0,1,25,0,19.0,1,0,113773,53.1,167.0,83
750,0,3,23,0,31.0,0,0,335097,7.75,0.0,81
751,1,2,17,1,4.0,1,1,29103,23.0,0.0,83
752,1,3,19,0,6.0,0,1,392096,12.475,217.0,83
753,0,3,32,0,33.0,0,0,345780,9.5,0.0,83
754,0,3,18,0,23.0,0,0,349204,7.8958,0.0,83
755,1,2,32,1,48.0,1,2,220845,65.0,0.0,83
756,1,2,25,0,0.67,1,1,250649,14.5,0.0,83
757,0,3,28,0,28.0,0,0,350042,7.7958,0.0,83
758,0,2,24,0,18.0,0,0,29108,11.5,0.0,83
759,0,3,28,0,34.0,0,0,363294,8.05,0.0,83
760,1,1,56,1,33.0,0,0,110152,86.5,176.0,83
761,0,3,18,0,-1.0,0,0,358585,14.5,0.0,83
762,0,3,30,0,41.0,0,0,23101272,7.125,0.0,83
763,1,3,21,0,20.0,0,0,2663,7.2292,0.0,67
764,1,1,41,1,36.0,1,2,113760,120.0,178.0,83
765,0,3,22,0,16.0,0,0,347074,7.775,0.0,83
766,1,1,36,1,51.0,1,0,13502,77.9583,166.0,83
767,0,1,25,0,-1.0,0,0,112379,39.6,0.0,67
768,0,3,18,1,30.5,0,0,364850,7.75,0.0,81
769,0,3,19,0,-1.0,1,0,371110,24.15,0.0,81
770,0,3,32,0,32.0,0,0,8471,8.3625,0.0,83
771,0,3,22,0,24.0,0,0,345781,9.5,0.0,83
772,0,3,23,0,48.0,0,0,350047,7.8542,0.0,83
773,0,2,17,1,57.0,0,0,3,10.5,179.0,83
774,0,3,15,0,-1.0,0,0,2674,7.225,0.0,67
775,1,2,37,1,54.0,1,3,29105,23.0,0.0,83
776,0,3,39,0,18.0,0,0,347078,7.75,0.0,83
777,0,3,16,0,-1.0,0,0,383121,7.75,177.0,81
778,1,3,29,1,5.0,0,0,364516,12.475,0.0,83
779,0,3,23,0,-1.0,0,0,36865,7.7375,0.0,81
780,1,1,53,1,43.0,0,1,24160,211.3375,117.0,83
781,1,3,20,1,13.0,0,0,2687,7.2292,0.0,67
782,1,1,41,1,17.0,1,0,17474,57.0,164.0,83
783,0,1,22,0,29.0,0,0,113501,30.0,122.0,83
784,0,3,22,0,-1.0,1,2,6607,23.45,0.0,83
785,0,3,16,0,25.0,0,0,3101312,7.05,0.0,83
786,0,3,34,0,25.0,0,0,374887,7.25,0.0,83
787,1,3,25,1,18.0,0,0,3101265,7.4958,0.0,83
788,0,3,25,0,8.0,4,1,382652,29.125,0.0,81
789,1,3,26,0,1.0,1,2,2315,20.575,0.0,83
790,0,1,24,0,46.0,0,0,17593,79.2,173.0,67
791,0,3,24,0,-1.0,0,0,12460,7.75,0.0,81
792,0,2,19,0,16.0,0,0,239865,26.0,0.0,83
793,0,3,23,1,-1.0,8,2,2343,69.55,0.0,83
794,0,1,24,0,-1.0,0,0,17600,30.6958,0.0,67
795,0,3,21,0,25.0,0,0,349203,7.8958,0.0,83
796,0,2,18,0,39.0,0,0,28213,13.0,0.0,83
797,1,1,27,1,49.0,0,0,17465,25.9292,172.0,83
798,1,3,16,1,31.0,0,0,349244,8.6833,0.0,83
799,0,3,28,0,30.0,0,0,2685,7.2292,0.0,67
800,0,3,52,1,30.0,1,1,345773,24.15,0.0,83
801,0,2,20,0,34.0,0,0,250647,13.0,0.0,83
802,1,2,43,1,31.0,1,1,31921,26.25,0.0,83
803,1,1,35,0,11.0,1,2,113760,120.0,178.0,83
804,1,3,31,0,0.42,0,1,2625,8.5167,0.0,67
805,1,3,23,0,27.0,0,0,347089,6.975,0.0,83
806,0,3,25,0,31.0,0,0,347063,7.775,0.0,83
807,0,1,22,0,39.0,0,0,112050,0.0,170.0,83
808,0,3,31,1,18.0,0,0,347087,7.775,0.0,83
809,0,2,17,0,39.0,0,0,248723,13.0,0.0,83
810,1,1,46,1,33.0,1,0,113806,53.1,125.0,83
811,0,3,22,0,26.0,0,0,3474,7.8875,0.0,83
812,0,3,17,0,39.0,0,0,448871,24.15,0.0,83
813,0,2,25,0,35.0,0,0,28206,10.5,0.0,83
814,0,3,34,1,6.0,4,2,347082,31.275,0.0,83
815,0,3,26,0,30.5,0,0,364499,8.05,0.0,83
816,0,1,16,0,-1.0,0,0,112058,0.0,213.0,83
817,0,3,28,1,23.0,0,0,23101290,7.925,0.0,83
818,0,2,18,0,31.0,1,1,2079,37.0042,0.0,67
819,0,3,32,0,43.0,0,0,7075,6.45,0.0,83
820,0,3,28,0,10.0,3,2,347088,27.9,0.0,83
821,1,1,50,1,52.0,1,1,12749,93.5,177.0,83
822,1,3,17,0,27.0,0,0,315098,8.6625,0.0,83
823,0,1,31,0,38.0,0,0,19972,0.0,0.0,83
824,1,3,18,1,27.0,0,1,392096,12.475,217.0,83
825,0,3,28,0,2.0,4,1,3101295,39.6875,0.0,83
826,0,3,15,0,-1.0,0,0,368323,6.95,0.0,81
827,0,3,12,0,-1.0,0,0,1601,56.4958,0.0,83
828,1,2,21,0,1.0,0,2,2079,37.0042,0.0,67
829,1,3,28,0,-1.0,0,0,367228,7.75,0.0,81
830,1,1,41,1,62.0,0,0,113572,80.0,172.0,0
831,1,3,39,1,15.0,1,0,2659,14.4542,0.0,67
832,1,2,31,0,0.83,1,1,29106,18.75,0.0,83
833,0,3,14,0,-1.0,0,0,2671,7.2292,0.0,67
834,0,3,22,0,23.0,0,0,347468,7.8542,0.0,83
835,0,3,22,0,18.0,0,0,2223,8.3,0.0,83
836,1,1,27,1,39.0,1,1,17756,83.1583,178.0,67
837,0,3,16,0,21.0,0,0,315097,8.6625,0.0,83
838,0,3,19,0,-1.0,0,0,392092,8.05,0.0,83
839,1,3,15,0,32.0,0,0,1601,56.4958,0.0,83
840,1,1,20,0,-1.0,0,0,11774,29.7,174.0,67
841,0,3,27,0,20.0,0,0,23101287,7.925,0.0,83
842,0,2,24,0,16.0,0,0,3,10.5,0.0,83
843,1,1,23,1,30.0,0,0,113798,31.0,0.0,67
844,0,3,26,0,34.5,0,0,2683,6.4375,0.0,67
845,0,3,19,0,17.0,0,0,315090,8.6625,0.0,83
846,0,3,19,0,42.0,0,0,5547,7.55,0.0,83
847,0,3,24,0,-1.0,8,2,2343,69.55,0.0,83
848,0,3,18,0,35.0,0,0,349213,7.8958,0.0,67
849,0,2,17,0,28.0,0,1,248727,33.0,0.0,83
850,1,1,44,1,-1.0,1,0,17453,89.1042,174.0,67
851,0,3,39,0,4.0,4,2,347082,31.275,0.0,83
852,0,3,19,0,74.0,0,0,347060,7.775,0.0,83
853,0,3,23,1,9.0,1,1,2678,15.2458,0.0,67
854,1,1,25,1,16.0,0,1,17592,39.4,174.0,83
855,0,2,45,1,44.0,1,0,244252,26.0,0.0,83
856,1,3,26,1,18.0,0,1,392091,9.35,0.0,83
857,1,1,42,1,45.0,1,1,36928,164.8667,0.0,83
858,1,1,22,0,51.0,0,0,113055,26.55,173.0,83
859,1,3,37,1,24.0,0,3,2666,19.2583,0.0,67
860,0,3,16,0,-1.0,0,0,2629,7.2292,0.0,67
861,0,3,23,0,41.0,2,0,350026,14.1083,0.0,83
862,0,2,27,0,21.0,1,0,28134,11.5,0.0,83
863,1,1,51,1,48.0,0,0,17466,25.9292,172.0,83
864,0,3,33,1,-1.0,8,2,2343,69.55,0.0,83
865,0,2,22,0,24.0,0,0,233866,13.0,0.0,83
866,1,2,24,1,42.0,0,0,236852,13.0,0.0,83
867,1,2,28,1,27.0,1,0,2149,13.8583,0.0,67
868,0,1,36,0,31.0,0,0,17590,50.4958,167.0,83
869,0,3,27,0,-1.0,0,0,345777,9.5,0.0,83
870,1,3,31,0,4.0,1,1,347742,11.1333,0.0,83
871,0,3,17,0,26.0,0,0,349248,7.8958,0.0,83
872,1,1,48,1,47.0,1,1,11751,52.5542,172.0,83
873,0,1,24,0,33.0,0,0,695,5.0,170.0,83
874,0,3,27,0,47.0,0,0,345765,9.0,0.0,83
875,1,2,37,1,28.0,1,0,3381,24.0,0.0,67
876,1,3,32,1,15.0,0,0,2667,7.225,0.0,67
877,0,3,29,0,20.0,0,0,7534,9.8458,0.0,83
878,0,3,20,0,19.0,0,0,349212,7.8958,0.0,83
879,0,3,18,0,-1.0,0,0,349217,7.8958,0.0,83
880,1,1,45,1,56.0,0,1,11767,83.1583,168.0,67
881,1,2,44,1,25.0,0,1,230433,26.0,0.0,83
882,0,3,18,0,33.0,0,0,349257,7.8958,0.0,83
883,0,3,28,1,22.0,0,0,7552,10.5167,0.0,83
884,0,2,29,0,28.0,0,0,34068,10.5,0.0,83
885,0,3,22,0,25.0,0,0,392076,7.05,0.0,83
886,0,3,36,1,39.0,0,5,382652,29.125,0.0,81
887,0,2,21,0,27.0,0,0,211536,13.0,0.0,83
888,1,1,28,1,19.0,0,0,112053,30.0,168.0,83
889,0,3,40,1,-1.0,1,2,6607,23.45,0.0,83
890,1,1,21,0,26.0,0,0,111369,30.0,224.0,67
891,0,3,19,0,32.0,0,0,370376,7.75,0.0,81
